lead_id,name,phone,email,city,education,experience,goal,german_level,source,last_contacted,relevant,reason,confidence,intent,profile,need,objection,missing_information,opportunity,priority,priority_score,next_action,outreach,is_duplicate,duplicate_of,quality_flags,review_required,review_reasons,critic_notes,sources,enrichment_path,outreach_path
L001,Priya Sharma,+91 9876543210,priya.s@email.com,Bangalore,BSc Nursing,2 years,Work in Germany,B1,Instagram,2026-09-20,Relevant,Priya is a BSc Nursing professional in Bangalore at B1. Conversation: “Interested in Germany”.,0.81,Wants a Germany work pathway and is looking for a realistic next step.,"Priya Sharma is a BSc Nursing professional in Bangalore with 2 years. Current language standing: B1 (self-reported, exam not yet taken). Traffic source: Instagram. Last touch 2026-09-20.","Official B1 exam booking and a short prep plan so employers can see a certificate. A transparent fee conversation, including whether language fees can be split.",Cost / total-fee uncertainty. Eligibility / qualification recognition worry.,Which board they want (Goethe/TELC) and target exam month. Budget range and whether a parent/spouse is co-paying.,Language-plus-pathway sale: show A1–B2 structure and the job step that comes after B1/B2.,Medium,62,"Personalised WhatsApp today, then a counsellor call this week.","Hi Priya — you asked whether a BSc Nursing from Bangalore is eligible and what the whole path costs. You have B1 but have not sat the exam yet. Next is a dated exam plan, then a fee talk I can stand behind. I will not quote a number here. Are you open to a 15-minute call this week?",false,,,false,,,"Skillcase teaches healthcare-focused German from A1 to B2, with TELC/Goethe exam prep and live classes. — https://skillcase.in/ | Skillcase cites 500,000+ healthcare professionals required in Germany by 2030. — https://skillcase.in/",fallback,fallback
L002,Rahul Kumar,+91 9988776655,rahul.k@email.com,Hyderabad,GNM,4 years,Move to Germany,A2,WhatsApp,2026-09-18,Relevant,"Rahul (GNM, Hyderabad at A2) mentioned ICU experience and asked about vacancies.",0.83,Wants a Germany work pathway and is looking for a realistic next step.,"Rahul Kumar is a GNM professional in Hyderabad with 4 years. Current language standing: A2. Traffic source: WhatsApp. Last touch 2026-09-18. Conversation mentions ICU experience, which is useful for ward-matching.",A clear GNM recognition check before they invest more time. A structured A2/B1 path and reassurance that healthcare German is taught in small steps.,Confidence: worried German will be too hard. Eligibility / qualification recognition worry.,State nursing council registration and year of GNM completion.,Language-plus-pathway sale: show A1–B2 structure and the job step that comes after B1/B2.,Medium,55,"Personalised WhatsApp today, then a counsellor call this week.","Hi Rahul — you asked whether GNM nurses can apply, and said German feels slow at A2. I will confirm eligibility with you first; recognition is employer- and state-dependent. Skillcase teaches healthcare-focused German with live classes. You are a GNM professional in Hyderabad. Are you open to a 15-minute call this week?",false,,,true,qualification recognition check needed,GNM recognition is employer- and state-dependent. Confirm before a long pitch.,"A 3-year nursing qualification such as GNM is described as eligible for the Germany nursing pathway, subject to recognition. — https://skillcase.in/blog-view?id=13 | Signup lists GNM, BSc, Post-Basic BSc, MSc, ANM Nursing, physiotherapists, doctors, pharmacists and dentists. — https://skillcase.in/create-account-new | Skillcase teaches healthcare-focused German from A1 to B2, with TELC/Goethe exam prep and live classes. — https://skillcase.in/ | Skillcase cites 500,000+ healthcare professionals required in Germany by 2030. — https://skillcase.in/",fallback,fallback
L003,Ananya Rao,+91 9123456780,ananya.r@email.com,Bangalore,BSc Nursing,1 year,Explore options,B1,Instagram,2026-09-15,Relevant,"Ananya (BSc Nursing, Bangalore at B1) is still exploring: “Just checking what opportunities exist in Germany”.",0.82,"Early-stage exploration — curious about Germany, no committed timeline.",Ananya Rao is a BSc Nursing professional in Bangalore with 1 year. Current language standing: B1. Traffic source: Instagram. Last touch 2026-09-15.,A realistic language → interview → visa timeline.,No hard objection on file.,Preferred call time and whether they already hold a passport.,Language-plus-pathway sale: show A1–B2 structure and the job step that comes after B1/B2.,Medium,56,"Offer a 15-minute pathway call, no pressure to enrol.","Hi Ananya — you are still exploring, and that is fine. You already have BSc Nursing in Bangalore and B1, which is enough to make a Germany conversation useful. I can do a short “is this even for me?” call: eligibility, language time, and what Skillcase does versus does not do. Are you open to a 15-minute call this week?",false,,,false,,,"After language training, Skillcase cites ~2–3 weeks to interview/offer and another 7–8 weeks for visa/documentation. — https://www.skillcase.info/ | Skillcase teaches healthcare-focused German from A1 to B2, with TELC/Goethe exam prep and live classes. — https://skillcase.in/ | Skillcase cites 500,000+ healthcare professionals required in Germany by 2030. — https://skillcase.in/",fallback,fallback
L004,Neha Verma,+91 9000011111,neha.v@email.com,Delhi,BSc Nursing,3 years,Work in Germany,B2,Referral,2026-09-21,Relevant,Neha in Delhi already holds B2 as a BSc Nursing and asked about jobs or interviews.,0.84,"Job-ready: wants vacancies, employers or interview prep, not a beginner language pitch.",Neha Verma is a BSc Nursing professional in Delhi with 3 years. Current language standing: B2 certified. Traffic source: Referral. Last touch 2026-09-21.,"Current nurse vacancies, employer shortlist and interview practice.",No hard objection on file.,Preferred call time and whether they already hold a passport.,"Placement-led conversation: employer match, interview prep, documentation. Language is already largely done.",High,86,Call with a vacancy/interview briefing. Do not lead with A1 course sales.,"Hi Neha — you already hold B2 and asked about nursing jobs and the interview process. That is a placement conversation for a BSc Nursing professional in Delhi, not a language restart. Skillcase markets job search, employer matching, and interview support. Are you open to a 15-minute call this week?",false,,,false,,,"skillcase.info markets job search, employer matching, interview support, visa and documentation help for healthcare roles in Germany. — https://www.skillcase.info/ | B2 German is commonly required for healthcare careers in Germany; B1 is often the point where job conversations start. — https://skillcase.in/",fallback,fallback
L005,Amit Singh,+91 9111122222,amit.s@email.com,Mumbai,BBA,3 years,Work abroad,,Instagram,2026-09-12,Not Relevant,Amit is a BBA professional in Mumbai; conversation: “Asked whether Skillcase helps people from non-nursing backgrounds get nursing jobs in Germany”. Not a healthcare candidate.,0.87,"Wants to work abroad, but not as a healthcare professional Skillcase places.",Amit Singh is a BBA professional in Mumbai with 3 years. Current language standing: German level unknown. Traffic source: Instagram. Last touch 2026-09-12.,,No hard objection on file.,Current German level and whether any exam is booked.,Do not sell. This lead is not a Skillcase fit.,Low,12,Send a short not-a-fit note. Offer to reopen only if their goal changes.,,false,,missing:german_level,false,,,,fallback,fallback
L006,Sneha Patel,+91 9333344444,sneha.p@email.com,Pune,BSc Nursing,2 years,Work in Germany,B1,Website,2026-09-19,Relevant,"Sneha (BSc Nursing, Pune at B1) asked whether fees can be paid in installments.",0.82,Wants a Germany work pathway and is looking for a realistic next step.,Sneha Patel is a BSc Nursing professional in Pune with 2 years. Current language standing: B1. Traffic source: Website. Last touch 2026-09-19.,"A transparent fee conversation, including whether language fees can be split.",Price sensitivity with a workable angle: asked about installments.,Budget range and whether a parent/spouse is co-paying.,Language-plus-pathway sale: show A1–B2 structure and the job step that comes after B1/B2.,Medium,48,"Personalised WhatsApp today, then a counsellor call this week.","Hi Sneha — you are interested in Germany and asked whether fees can be split. That is a fair question I would rather answer on a call. You are a BSc Nursing in Pune at B1, so we can confirm the nurse track before talking money. Are you open to a 15-minute call this week?",false,,,false,,,"Skillcase teaches healthcare-focused German from A1 to B2, with TELC/Goethe exam prep and live classes. — https://skillcase.in/ | Skillcase cites 500,000+ healthcare professionals required in Germany by 2030. — https://skillcase.in/",fallback,fallback
L007,Arjun Nair,+91 9444455555,arjun.n@email.com,Chennai,GNM,,Germany job,A2,Facebook,2026-09-10,Relevant,Arjun is a GNM professional in Chennai at A2 who asked whether GNM is accepted.,0.73,Wants a Germany work pathway and is looking for a realistic next step.,Arjun Nair is a GNM professional in Chennai with experience not captured. Current language standing: A2. Traffic source: Facebook. Last touch 2026-09-10.,A clear GNM recognition check before they invest more time. Capture years of clinical experience and exam status.,Eligibility / qualification recognition worry.,Years of nursing experience and current workplace. State nursing council registration and year of GNM completion.,Language-plus-pathway sale: show A1–B2 structure and the job step that comes after B1/B2.,Low,39,Collect the missing field before a long pitch.,"Hi Arjun — you asked about Germany jobs as a GNM professional in Chennai at A2. I do not have years of practice, and I will not invent them. I will confirm eligibility after I have that. Reply with how long you have been working and your current ward. Can you send that this week?",false,,missing:experience,true,qualification recognition check needed,GNM recognition is employer- and state-dependent. Confirm before a long pitch. | Experience is missing. Do not invent years of work.,"A 3-year nursing qualification such as GNM is described as eligible for the Germany nursing pathway, subject to recognition. — https://skillcase.in/blog-view?id=13 | Signup lists GNM, BSc, Post-Basic BSc, MSc, ANM Nursing, physiotherapists, doctors, pharmacists and dentists. — https://skillcase.in/create-account-new | Skillcase teaches healthcare-focused German from A1 to B2, with TELC/Goethe exam prep and live classes. — https://skillcase.in/ | Skillcase cites 500,000+ healthcare professionals required in Germany by 2030. — https://skillcase.in/",fallback,fallback
L008,Priya Sharma,+91 9876543210,priya.s@email.com,Bangalore,BSc Nursing,2 years,Work in Germany,B1,Instagram,2026-09-20,Duplicate of L001,Duplicate of L001.,0,,,,,,,,,Merge into L001 and suppress this ID from the dialer.,,true,L001,duplicate_of_L001,true,Duplicate of L001 — same phone or email as an earlier row.,Same contact details as L001.,,fallback,fallback
L009,Ritika Das,+91 9555566666,ritika.d@email.com,Kolkata,BSc Nursing,5 years,Work in Germany,B2,WhatsApp,2026-09-21,Relevant,"Ritika (BSc Nursing, Kolkata at B2) mentioned ICU experience and asked about vacancies.",0.85,"Job-ready: wants vacancies, employers or interview prep, not a beginner language pitch.","Ritika Das is a BSc Nursing professional in Kolkata with 5 years. Current language standing: B2 certified. Traffic source: WhatsApp. Last touch 2026-09-21. Conversation mentions ICU experience, which is useful for ward-matching.","Current nurse vacancies, employer shortlist and interview practice.",No hard objection on file.,Preferred call time and whether they already hold a passport.,"Placement-led conversation: employer match, interview prep, documentation. Language is already largely done.",High,90,Call with a vacancy/interview briefing. Do not lead with A1 course sales.,"Hi Ritika — you have B2 and ICU experience as a BSc Nursing professional in Kolkata. That is a placement conversation, not a beginner class. Skillcase markets employer matching and interview support for healthcare roles in Germany. I will not restart you at A1. Are you free for 15 minutes this week?",false,,,false,,,"skillcase.info markets job search, employer matching, interview support, visa and documentation help for healthcare roles in Germany. — https://www.skillcase.info/ | B2 German is commonly required for healthcare careers in Germany; B1 is often the point where job conversations start. — https://skillcase.in/",fallback,fallback
L010,Mohit Sharma,+91 9666677777,mohit.s@email.com,Delhi,BSc Nursing,2 years,Work in Germany,A1,Instagram,2026-09-17,Relevant,"Mohit (BSc Nursing, Delhi at A1) is still exploring: “Wants to start German and eventually work in Germany”.",0.83,"Early-stage exploration — curious about Germany, no committed timeline.",Mohit Sharma is a BSc Nursing professional in Delhi with 2 years. Current language standing: A1. Traffic source: Instagram. Last touch 2026-09-17.,A realistic language → interview → visa timeline.,No hard objection on file.,Preferred call time and whether they already hold a passport.,Language-plus-pathway sale: show A1–B2 structure and the job step that comes after B1/B2.,Medium,47,"Offer a 15-minute pathway call, no pressure to enrol.","Hi Mohit — you want to start German and asked how long B1 takes. For a BSc Nursing professional in Delhi at A1, I can give a realistic language window, then what happens after the exam, without a slides dump. No pressure to enrol on that call. Are you open to a 15-minute call this week?",false,,,false,,,"After language training, Skillcase cites ~2–3 weeks to interview/offer and another 7–8 weeks for visa/documentation. — https://www.skillcase.info/ | Skillcase teaches healthcare-focused German from A1 to B2, with TELC/Goethe exam prep and live classes. — https://skillcase.in/ | Skillcase cites 500,000+ healthcare professionals required in Germany by 2030. — https://skillcase.in/",fallback,fallback
L011,Divya Menon,+91 9777788888,divya.m@email.com,Kochi,BSc Nursing,6 months,Work in Germany,B1,Website,2026-09-13,Relevant,Divya is a BSc Nursing professional in Kochi at B1. Conversation: “Interested in Germany but has only 6 months of experience”.,0.84,Wants a Germany work pathway and is looking for a realistic next step.,Divya Menon is a BSc Nursing professional in Kochi with 6 months. Current language standing: B1. Traffic source: Website. Last touch 2026-09-13.,Honest guidance on how 6-month experience is treated by different German employers.,experience requirement question,Preferred call time and whether they already hold a passport.,Language-plus-pathway sale: show A1–B2 structure and the job step that comes after B1/B2.,Medium,52,"Personalised WhatsApp today, then a counsellor call this week.","Hi Divya — you asked whether six months of experience is enough. I will confirm eligibility with you; it is not a single Skillcase rule I can invent. You already have B1, which helps a BSc Nursing profile from Kochi. I will stay with that question on the call. Are you open to a 15-minute call this week?",false,,,false,,,"Skillcase teaches healthcare-focused German from A1 to B2, with TELC/Goethe exam prep and live classes. — https://skillcase.in/ | Skillcase cites 500,000+ healthcare professionals required in Germany by 2030. — https://skillcase.in/",fallback,fallback
L012,Rohan Mehta,+91 9888899999,rohan.m@email.com,Ahmedabad,BSc Nursing,3 years,Work in Canada,B1,Instagram,2026-09-11,Not Relevant,"Rohan in Ahmedabad (BSc Nursing) asked for Canada, not a Germany pathway.",0.86,"Intends to move to Canada, not Germany.",Rohan Mehta is a BSc Nursing professional in Ahmedabad with 3 years. Current language standing: B1. Traffic source: Instagram. Last touch 2026-09-11.,,No hard objection on file.,Preferred call time and whether they already hold a passport.,Do not sell. This lead is not a Skillcase fit.,Low,12,Send a short not-a-fit note. Offer to reopen only if their goal changes.,,false,,,false,,,"Skillcase teaches healthcare-focused German from A1 to B2, with TELC/Goethe exam prep and live classes. — https://skillcase.in/",fallback,fallback
L013,Kavya Iyer,+91 9999900000,kavya.i@email.com,Bangalore,BSc Nursing,2 years,Work in Germany,B1,Instagram,2026-09-20,Relevant,"Kavya (BSc Nursing, Bangalore at B1) said they are ready and asked for a call tomorrow.",0.88,Ready to start immediately and has asked for a near-term call.,Kavya Iyer is a BSc Nursing professional in Bangalore with 2 years. Current language standing: B1. Traffic source: Instagram. Last touch 2026-09-20.,A document checklist for profile + visa stage.,No hard objection on file.,Preferred call slot and WhatsApp vs phone.,Same-day or next-day counselling slot. They asked for documents — send a checklist after the call.,High,72,Call within 24 hours. Confirm documents and a start date.,"Hi Kavya — you said you are ready and want a call tomorrow. I can do that for a BSc Nursing profile from Bangalore at B1. You asked what documents are required; I will walk that on the call from your details, without inventing a list here. The call is about start dates, not a generic pitch. What 20-minute slot works tomorrow?",false,,,false,,,"skillcase.info markets job search, employer matching, interview support, visa and documentation help for healthcare roles in Germany. — https://www.skillcase.info/",fallback,fallback
L014,Sanjay Rao,+91 9000090000,sanjay.r@email.com,Hyderabad,GNM,7 years,Work in Germany,B2,Referral,2026-09-19,Relevant,Sanjay is a GNM professional in Hyderabad at B2 who asked whether GNM is accepted.,0.87,Wants a Germany work pathway and is looking for a realistic next step.,Sanjay Rao is a GNM professional in Hyderabad with 7 years. Current language standing: B2 certified. Traffic source: Referral. Last touch 2026-09-19.,A clear GNM recognition check before they invest more time.,Eligibility / qualification recognition worry.,State nursing council registration and year of GNM completion.,"Placement-led conversation: employer match, interview prep, documentation. Language is already largely done.",High,77,Call with a vacancy/interview briefing. Do not lead with A1 course sales.,"Hi Sanjay — B2 is already done, so GNM recognition is the open question, not language. I will confirm eligibility with you before we go further. You are a GNM professional in Hyderabad. Signup lists GNM among nursing qualifications, subject to recognition. Are you open to 15 minutes this week?",false,,,true,qualification recognition check needed,GNM recognition is employer- and state-dependent. Confirm before a long pitch. | L014 asked whether GNM is accepted. Hold for a human qualification check.,"A 3-year nursing qualification such as GNM is described as eligible for the Germany nursing pathway, subject to recognition. — https://skillcase.in/blog-view?id=13 | Signup lists GNM, BSc, Post-Basic BSc, MSc, ANM Nursing, physiotherapists, doctors, pharmacists and dentists. — https://skillcase.in/create-account-new | skillcase.info markets job search, employer matching, interview support, visa and documentation help for healthcare roles in Germany. — https://www.skillcase.info/ | B2 German is commonly required for healthcare careers in Germany; B1 is often the point where job conversations start. — https://skillcase.in/",fallback,fallback
L015,Meera Joshi,+91 9111191111,meera.j@email.com,Pune,BSc Nursing,2 years,Work in Germany,B1,Instagram,2026-09-16,Relevant,"Meera (BSc Nursing, Pune at B1) said they cannot afford the course right now.",0.84,Wants a Germany work pathway and is looking for a realistic next step.,Meera Joshi is a BSc Nursing professional in Pune with 2 years. Current language standing: B1. Traffic source: Instagram. Last touch 2026-09-16.,"A transparent fee conversation, including whether language fees can be split.","Hard price block — cannot pay now, maybe later. Treat as nurture, not a push close.",Budget range and whether a parent/spouse is co-paying.,Long nurture. Offer a later review date rather than discounting on the first reply.,Low,34,Send a light keep-warm note and a 30-day check-in. Do not hard-sell.,"Hi Meera — thank you for being direct about budget. I will not push a BSc Nursing professional in Pune at B1 to enrol this month. When you are ready, the Germany nurse path is still open. I can send a one-page note and check in after 30 days. Shall I check in after 30 days?",false,,,false,,,,fallback,fallback
L016,Farhan Ali,+91 9222292222,farhan.a@email.com,Lucknow,BPharm,4 years,Work in Germany,B1,Facebook,2026-09-14,Uncertain,Farhan is a BPharm professional in Lucknow at B1. Conversation: “Asked about healthcare jobs in Germany but is a pharmacist”. Allied or incomplete — needs a human.,0.59,Wants a Germany work pathway and is looking for a realistic next step.,Farhan Ali is a BPharm professional in Lucknow with 4 years. Current language standing: B1. Traffic source: Facebook. Last touch 2026-09-14.,Confirm whether a pharmacist/allied track is open this quarter.,No hard objection on file.,"Whether they want language-only, or a pharmacist placement conversation.",Possible allied-health conversation. Confirm capacity before promising a track.,Medium,52,"Human review: decide if pharmacist/allied track is open, then reply.",,false,,,true,Allied-health profile; human should decide the track.,Skillcase signup lists Pharmacists. Human should decide the track — do not auto-discard.,"Programs are primarily for nurses but also support other healthcare professionals preparing for Germany. — https://skillcase.in/ | Signup lists GNM, BSc, Post-Basic BSc, MSc, ANM Nursing, physiotherapists, doctors, pharmacists and dentists. — https://skillcase.in/create-account-new",fallback,fallback
L017,Aisha Khan,+91 9333393333,aisha.k@email.com,Bangalore,BSc Nursing,3 years,B2 preparation,B1,Website,2026-09-20,Relevant,"Aisha (BSc Nursing, Bangalore at B1) is already on another German course and wants B2 prep.",0.76,Already studying German elsewhere; wants B2 exam practice rather than a full beginner course.,Aisha Khan is a BSc Nursing professional in Bangalore with 3 years. Current language standing: B1. Traffic source: Website. Last touch 2026-09-20.,B2-focused exam drills rather than restarting A1.,Already paying another German course — switching cost.,Preferred call time and whether they already hold a passport.,"Sell the gap: healthcare-vocab B2 + exam mocks, not a duplicate beginner course.",Medium,58,"Personalised WhatsApp today, then a counsellor call this week.","Hi Aisha — I will not ask you to drop a course you already pay for. You want extra B2 practice and exam prep on top of B1 as a BSc Nursing professional in Bangalore. Skillcase teaches healthcare-focused German with TELC and Goethe exam prep. If that is the missing piece, I can show only that. Are you open to a 15-minute call this week?",false,,,false,,,"Skillcase teaches healthcare-focused German from A1 to B2, with TELC/Goethe exam prep and live classes. — https://skillcase.in/",fallback,fallback
L018,Manish Gupta,+91 9444494444,manish.g@email.com,Jaipur,BSc Nursing,1 year,Work in Germany,A2,Instagram,2026-09-18,Relevant,"Manish (BSc Nursing, Jaipur at A2) asked about timeline: “Asked whether he should finish B1 before applying for jobs”.",0.84,Wants a Germany work pathway and is looking for a realistic next step.,Manish Gupta is a BSc Nursing professional in Jaipur with 1 year. Current language standing: A2. Traffic source: Instagram. Last touch 2026-09-18.,A realistic language → interview → visa timeline.,No hard objection on file.,Preferred call time and whether they already hold a passport.,Language-plus-pathway sale: show A1–B2 structure and the job step that comes after B1/B2.,Medium,51,"Personalised WhatsApp today, then a counsellor call this week.","Hi Manish — you asked whether to finish B1 before applying. Short version: many employers start conversations around B1 and expect B2 for clinical work. I can map that onto your BSc Nursing profile in Jaipur at A2 — language, interviews, then papers. Are you open to a 15-minute call this week?",false,,,false,,,"After language training, Skillcase cites ~2–3 weeks to interview/offer and another 7–8 weeks for visa/documentation. — https://www.skillcase.info/ | Skillcase teaches healthcare-focused German from A1 to B2, with TELC/Goethe exam prep and live classes. — https://skillcase.in/ | Skillcase cites 500,000+ healthcare professionals required in Germany by 2030. — https://skillcase.in/",fallback,fallback
L019,Sonal Kapoor,+91 9555595555,sonal.k@email.com,Delhi,BSc Nursing,4 years,Work in Germany,B2,WhatsApp,2026-09-21,Relevant,Sonal in Delhi already holds B2 as a BSc Nursing and asked about jobs or interviews.,0.83,"Job-ready: wants vacancies, employers or interview prep, not a beginner language pitch.",Sonal Kapoor is a BSc Nursing professional in Delhi with 4 years. Current language standing: B2 certified. Traffic source: WhatsApp. Last touch 2026-09-21.,"Current nurse vacancies, employer shortlist and interview practice.",No hard objection on file.,Preferred call time and whether they already hold a passport.,"Placement-led conversation: employer match, interview prep, documentation. Language is already largely done.",High,86,Call with a vacancy/interview briefing. Do not lead with A1 course sales.,"Hi Sonal — you are B2 certified and asked for interview preparation plus current openings. I can do that for a BSc Nursing professional in Delhi at B2: typical loops, documents, and how we brief employers. This is not a beginner-course pitch. Can I call you for 15 minutes this week?",false,,,false,,,"skillcase.info markets job search, employer matching, interview support, visa and documentation help for healthcare roles in Germany. — https://www.skillcase.info/ | B2 German is commonly required for healthcare careers in Germany; B1 is often the point where job conversations start. — https://skillcase.in/",fallback,fallback
L020,Varun Shah,+91 9666696666,varun.s@email.com,Mumbai,Engineering,5 years,Work in Germany,,Instagram,2026-09-09,Not Relevant,Varun is a Engineering professional in Mumbai; conversation: “Interested in moving to Germany for software jobs”. Not a healthcare candidate.,0.85,"Wants to work abroad, but not as a healthcare professional Skillcase places.",Varun Shah is a Engineering professional in Mumbai with 5 years. Current language standing: German level unknown. Traffic source: Instagram. Last touch 2026-09-09.,,No hard objection on file.,Current German level and whether any exam is booked.,Do not sell. This lead is not a Skillcase fit.,Low,12,Send a short not-a-fit note. Offer to reopen only if their goal changes.,,false,,missing:german_level,false,,,,fallback,fallback
L021,Neha Verma,+91 9000011111,neha.v@email.com,Delhi,BSc Nursing,3 years,Work in Germany,B2,Referral,2026-09-21,Duplicate of L004,Duplicate of L004.,0,,,,,,,,,Merge into L004 and suppress this ID from the dialer.,,true,L004,duplicate_of_L004,true,Duplicate of L004 — same phone or email as an earlier row.,Same contact details as L004.,,fallback,fallback
L022,Reema Thomas,+91 9777797777,reema.t@email.com,Kochi,BSc Nursing,2 years,Work in Germany,B1,Website,2026-09-18,Relevant,Reema is a BSc Nursing professional in Kochi at B1. Conversation: “Wants to know the full process from German learning to getting a job”.,0.89,Wants to understand what Skillcase actually does before committing.,Reema Thomas is a BSc Nursing professional in Kochi with 2 years. Current language standing: B1. Traffic source: Website. Last touch 2026-09-18.,Map the next language or placement step and book a counsellor call.,No hard objection on file.,Preferred call slot and WhatsApp vs phone.,Language-plus-pathway sale: show A1–B2 structure and the job step that comes after B1/B2.,Medium,69,Call within 24 hours. Confirm documents and a start date.,"Hi Reema — you asked for the full path from German class to a job, and you want a call. I can walk that in one sitting for a BSc Nursing profile from Kochi: current level (B1), the exam, documents, interviews, then visa timing. No brochure dump. What 20-minute slot works today or tomorrow?",false,,,false,,,"Skillcase teaches healthcare-focused German from A1 to B2, with TELC/Goethe exam prep and live classes. — https://skillcase.in/ | Skillcase cites 500,000+ healthcare professionals required in Germany by 2030. — https://skillcase.in/",fallback,fallback
L023,Akash Verma,+91 9888898888,akash.v@email.com,Noida,BSc Nursing,2 years,Work in Germany,,Instagram,2026-09-16,Relevant,"Akash (BSc Nursing, Noida) is interested in Germany but has not shared a German level.",0.71,Wants a Germany work pathway and is looking for a realistic next step.,Akash Verma is a BSc Nursing professional in Noida with 2 years. Current language standing: German level unknown. Traffic source: Instagram. Last touch 2026-09-16.,Capture current German level before pitching a course.,No hard objection on file.,Current German level and whether any exam is booked.,Language-plus-pathway sale: show A1–B2 structure and the job step that comes after B1/B2.,Low,34,Collect the missing field before a long pitch.,"Hi Akash — you are a BSc Nursing professional in Noida interested in Germany, but I do not yet have your German level, so I will not guess a course. Reply with A1, A2, B1, B2, or not started, and I will send only the matching next step. What is your current level?",false,,missing:german_level,false,,,"Skillcase teaches healthcare-focused German from A1 to B2, with TELC/Goethe exam prep and live classes. — https://skillcase.in/ | Skillcase cites 500,000+ healthcare professionals required in Germany by 2030. — https://skillcase.in/",fallback,fallback
L024,Pooja Reddy,+91 9999919999,pooja.r@email.com,Hyderabad,BSc Nursing,8 years,Work in Germany,B2,Referral,2026-09-21,Relevant,Pooja is a BSc Nursing professional in Hyderabad at B2. Conversation: “Experienced nurse with B2”.,0.81,Wants a Germany work pathway and is looking for a realistic next step.,Pooja Reddy is a BSc Nursing professional in Hyderabad with 8 years. Current language standing: B2. Traffic source: Referral. Last touch 2026-09-21.,Map the next language or placement step and book a counsellor call.,No hard objection on file.,Preferred call time and whether they already hold a passport.,Language-plus-pathway sale: show A1–B2 structure and the job step that comes after B1/B2.,High,72,"Personalised WhatsApp today, then a counsellor call this week.",Hi Pooja — you asked whether Skillcase can help identify suitable employers. Skillcase markets employer matching for healthcare roles in Germany. You are an experienced BSc Nursing nurse in Hyderabad at B2. I will not name a hospital I cannot stand behind. Are you open to a 15-minute call this week?,false,,,false,,,"Skillcase teaches healthcare-focused German from A1 to B2, with TELC/Goethe exam prep and live classes. — https://skillcase.in/ | Skillcase cites 500,000+ healthcare professionals required in Germany by 2030. — https://skillcase.in/",fallback,fallback
L025,Raj Malhotra,+91 9000012345,raj.m@email.com,Chandigarh,GNM,3 years,Work in UK,B1,Instagram,2026-09-15,Not Relevant,"Raj in Chandigarh (GNM) asked for the UK, not a Germany pathway.",0.84,"Intends to move to the UK, not Germany.",Raj Malhotra is a GNM professional in Chandigarh with 3 years. Current language standing: B1. Traffic source: Instagram. Last touch 2026-09-15.,,Eligibility / qualification recognition worry.,State nursing council registration and year of GNM completion. Preferred call slot and WhatsApp vs phone.,Do not sell. This lead is not a Skillcase fit.,Low,12,Send a short not-a-fit note. Offer to reopen only if their goal changes.,,false,,,false,,,"A 3-year nursing qualification such as GNM is described as eligible for the Germany nursing pathway, subject to recognition. — https://skillcase.in/blog-view?id=13 | Signup lists GNM, BSc, Post-Basic BSc, MSc, ANM Nursing, physiotherapists, doctors, pharmacists and dentists. — https://skillcase.in/create-account-new",fallback,fallback
L026,Shreya Bose,+91 9111123456,shreya.b@email.com,Kolkata,BSc Nursing,2 years,Work in Germany,A2,Instagram,2026-09-17,Relevant,"Shreya (BSc Nursing, Kolkata at A2) said German feels hard or they feel nervous. Conversation: “Very interested but says she is nervous about learning German”.",0.84,Wants a Germany work pathway and is looking for a realistic next step.,Shreya Bose is a BSc Nursing professional in Kolkata with 2 years. Current language standing: A2. Traffic source: Instagram. Last touch 2026-09-17.,A structured A2/B1 path and reassurance that healthcare German is taught in small steps.,Confidence: worried German will be too hard.,Preferred call time and whether they already hold a passport.,Language-plus-pathway sale: show A1–B2 structure and the job step that comes after B1/B2.,Low,43,"Personalised WhatsApp today, then a counsellor call this week.",Hi Shreya — wanting Germany and feeling nervous about German can sit together. You are a BSc Nursing professional in Kolkata at A2 with 2 years. Skillcase teaches healthcare-focused German in live classes from A1 to B2. I can show how that path is structured. Are you open to a 15-minute call this week?,false,,,false,,,"Skillcase teaches healthcare-focused German from A1 to B2, with TELC/Goethe exam prep and live classes. — https://skillcase.in/ | Skillcase cites 500,000+ healthcare professionals required in Germany by 2030. — https://skillcase.in/",fallback,fallback
L027,Nitin Yadav,+91 9222234567,nitin.y@email.com,Patna,BSc Nursing,2 years,Work in Germany,B1,WhatsApp,2026-09-19,Relevant,"Nitin (BSc Nursing, Patna at B1) asked about timeline: “Asked whether he can apply before completing B2”.",0.83,Wants a Germany work pathway and is looking for a realistic next step.,Nitin Yadav is a BSc Nursing professional in Patna with 2 years. Current language standing: B1. Traffic source: WhatsApp. Last touch 2026-09-19.,A realistic language → interview → visa timeline.,Eligibility / qualification recognition worry.,Preferred call time and whether they already hold a passport.,Language-plus-pathway sale: show A1–B2 structure and the job step that comes after B1/B2.,Medium,59,"Personalised WhatsApp today, then a counsellor call this week.","Hi Nitin — you asked whether you can apply before completing B2, and what a realistic timeline is. I can map language, interviews, then visa timing onto a BSc Nursing profile in Patna at B1, without promising dates I cannot keep. Are you open to a 15-minute call this week?",false,,,false,,,"After language training, Skillcase cites ~2–3 weeks to interview/offer and another 7–8 weeks for visa/documentation. — https://www.skillcase.info/ | Skillcase teaches healthcare-focused German from A1 to B2, with TELC/Goethe exam prep and live classes. — https://skillcase.in/ | Skillcase cites 500,000+ healthcare professionals required in Germany by 2030. — https://skillcase.in/",fallback,fallback
L028,Priya S.,+91 9876543210,priya.s@email.com,Bangalore,BSc Nursing,2 years,Move to Germany,B1,Instagram,2026-09-20,Duplicate of L001,Duplicate of L001.,0,,,,,,,,,Merge into L001 and suppress this ID from the dialer.,,true,L001,duplicate_of_L001,true,Duplicate of L001 — same phone or email as an earlier row.,"Name is 'Priya S.' but phone and email match L001. Fuzzy duplicate, not a new person.",,fallback,fallback
L029,Deepa Krishnan,+91 9333377777,,Chennai,BSc Nursing,3 years,Work in Germany,B2,Website,2026-09-20,Relevant,Deepa in Chennai already holds B2 as a BSc Nursing and asked about jobs or interviews.,0.81,"Job-ready: wants vacancies, employers or interview prep, not a beginner language pitch.",Deepa Krishnan is a BSc Nursing professional in Chennai with 3 years. Current language standing: B2 certified. Traffic source: Website. Last touch 2026-09-20.,"Current nurse vacancies, employer shortlist and interview practice.",No hard objection on file.,Valid email address. The email cell is empty.,"Placement-led conversation: employer match, interview prep, documentation. Language is already largely done.",High,74,WhatsApp first (phone exists). Collect email before sending documents.,"Hi Deepa — you already hold B2 and asked about openings and interviews. That is a placement talk for a BSc Nursing professional in Chennai, not a beginner course. I will stay on WhatsApp until I have an email, then send papers. Reply on WhatsApp with a time that works?",false,,missing:email,true,Missing a primary contact field.,Email is missing. WhatsApp only until an address is captured.,"skillcase.info markets job search, employer matching, interview support, visa and documentation help for healthcare roles in Germany. — https://www.skillcase.info/ | B2 German is commonly required for healthcare careers in Germany; B1 is often the point where job conversations start. — https://skillcase.in/",fallback,fallback
L030,Karan Joshi,+91 9444488888,karan.j@email.com,Delhi,BSc Nursing,2 years,Work in Germany,B1,Instagram,2026-09-20,Relevant,"Karan (BSc Nursing, Delhi at B1) asked whether Skillcase guarantees a German job.",0.8,Wants to understand what Skillcase actually does before committing.,Karan Joshi is a BSc Nursing professional in Delhi with 2 years. Current language standing: B1. Traffic source: Instagram. Last touch 2026-09-20.,A plain-language explanation of services vs outcomes. No guarantee language.,Expectation risk: asked if Skillcase guarantees a German job.,Preferred call time and whether they already hold a passport.,Language-plus-pathway sale: show A1–B2 structure and the job step that comes after B1/B2.,Medium,58,Reset expectations on the call: services offered vs outcomes we cannot promise.,"Hi Karan — Skillcase does not guarantee a job in Germany. What is listed is healthcare German, exam prep, documentation help, interview support, and employer matching. You are a BSc Nursing professional in Delhi at B1, so there is a path to discuss — just not a promise I cannot keep. If you still want that honest breakdown, can I call you this week?",false,,,true,Job-guarantee expectation risk.,Lead asked if Skillcase guarantees a job. Hold until a human resets expectations. Do not auto-dial.,"Skillcase teaches healthcare-focused German from A1 to B2, with TELC/Goethe exam prep and live classes. — https://skillcase.in/ | Skillcase cites 500,000+ healthcare professionals required in Germany by 2030. — https://skillcase.in/",fallback,fallback